Query_ID	Target_ID	Optimal_offset	p-value	E-value	q-value	Overlap	Query_consensus	Target_consensus	Orientation
GTGACTCAGCCATGGCGTGGAGCTRCGCCTGTGGATGACAGCRACASCTC	MA0936.1	-12	0.00609338	3.99726	1	8	GTGACTCAGCCATGGCGTGGAGCTACGCCTGTGGATGACAGCGACAGCTC	TTGCGTGT	-
GTGACTCAGCCATGGCGTGGAGCTRCGCCTGTGGATGACAGCRACASCTC	MA1697.1	-8	0.00653619	4.28774	1	12	GTGACTCAGCCATGGCGTGGAGCTACGCCTGTGGATGACAGCGACAGCTC	TTCTTGTCGTGT	-
GTGACTCAGCCATGGCGTGGAGCTRCGCCTGTGGATGACAGCRACASCTC	MA1417.1	-10	0.00835446	5.48053	1	13	GTGACTCAGCCATGGCGTGGAGCTACGCCTGTGGATGACAGCGACAGCTC	GATGACGTGGCAC	-
GTGACTCAGCCATGGCGTGGAGCTRCGCCTGTGGATGACAGCRACASCTC	MA0986.1	-38	0.0113636	7.45451	1	8	GTGACTCAGCCATGGCGTGGAGCTACGCCTGTGGATGACAGCGACAGCTC	CACCGACA	+
GTGACTCAGCCATGGCGTGGAGCTRCGCCTGTGGATGACAGCRACASCTC	MA0992.2	-33	0.0116765	7.65976	1	12	GTGACTCAGCCATGGCGTGGAGCTACGCCTGTGGATGACAGCGACAGCTC	TATGACGGCGGC	-
GTGACTCAGCCATGGCGTGGAGCTRCGCCTGTGGATGACAGCRACASCTC	MA1007.1	-38	0.014394	9.44245	1	8	GTGACTCAGCCATGGCGTGGAGCTACGCCTGTGGATGACAGCGACAGCTC	CACCGACA	-
GTGACTCAGCCATGGCGTGGAGCTRCGCCTGTGGATGACAGCRACASCTC	MA1023.1	-38	0.014394	9.44245	1	8	GTGACTCAGCCATGGCGTGGAGCTACGCCTGTGGATGACAGCGACAGCTC	CACCGACA	-
GTGACTCAGCCATGGCGTGGAGCTRCGCCTGTGGATGACAGCRACASCTC	MA1831.1	-35	0.0149483	9.80609	1	12	GTGACTCAGCCATGGCGTGGAGCTACGCCTGTGGATGACAGCGACAGCTC	CGACGGCGACGG	+
GTGACTCAGCCATGGCGTGGAGCTRCGCCTGTGGATGACAGCRACASCTC	MA0589.1	0	0.020544	13.4769	1	11	GTGACTCAGCCATGGCGTGGAGCTACGCCTGTGGATGACAGCGACAGCTC	TTGACCGAGCC	+
GTGACTCAGCCATGGCGTGGAGCTRCGCCTGTGGATGACAGCRACASCTC	MA1331.1	-23	0.0218971	14.3645	1	11	GTGACTCAGCCATGGCGTGGAGCTACGCCTGTGGATGACAGCGACAGCTC	CGCACGTGTGG	+
GTGACTCAGCCATGGCGTGGAGCTRCGCCTGTGGATGACAGCRACASCTC	MA1346.1	-33	0.023526	15.433	1	15	GTGACTCAGCCATGGCGTGGAGCTACGCCTGTGGATGACAGCGACAGCTC	GATGATGACGTCACT	+
GTGACTCAGCCATGGCGTGGAGCTRCGCCTGTGGATGACAGCRACASCTC	MA2022.1	-17	0.0275823	18.094	1	17	GTGACTCAGCCATGGCGTGGAGCTACGCCTGTGGATGACAGCGACAGCTC	GGCGGCGGCGGCGGCGG	-
GTGACTCAGCCATGGCGTGGAGCTRCGCCTGTGGATGACAGCRACASCTC	MA1815.1	-18	0.0333898	21.9037	1	13	GTGACTCAGCCATGGCGTGGAGCTACGCCTGTGGATGACAGCGACAGCTC	GCAGCTGCTGCTG	-
GTGACTCAGCCATGGCGTGGAGCTRCGCCTGTGGATGACAGCRACASCTC	MA0097.1	-10	0.0357096	23.4255	1	12	GTGACTCAGCCATGGCGTGGAGCTACGCCTGTGGATGACAGCGACAGCTC	GATGACGTGGCC	+
GTGACTCAGCCATGGCGTGGAGCTRCGCCTGTGGATGACAGCRACASCTC	MA0579.1	-13	0.0358444	23.5139	1	11	GTGACTCAGCCATGGCGTGGAGCTACGCCTGTGGATGACAGCGACAGCTC	CGCGCTGAGCC	-
GTGACTCAGCCATGGCGTGGAGCTRCGCCTGTGGATGACAGCRACASCTC	MA1817.1	-21	0.0371913	24.3975	1	13	GTGACTCAGCCATGGCGTGGAGCTACGCCTGTGGATGACAGCGACAGCTC	GCGGCGGCGGCGG	-
GTGACTCAGCCATGGCGTGGAGCTRCGCCTGTGGATGACAGCRACASCTC	MA2021.1	-24	0.0392323	25.7364	1	13	GTGACTCAGCCATGGCGTGGAGCTACGCCTGTGGATGACAGCGACAGCTC	GAGACGGTGGAGG	-
GTGACTCAGCCATGGCGTGGAGCTRCGCCTGTGGATGACAGCRACASCTC	MA1332.1	-23	0.0403371	26.4611	1	11	GTGACTCAGCCATGGCGTGGAGCTACGCCTGTGGATGACAGCGACAGCTC	CGCACGTGTGA	-
GTGACTCAGCCATGGCGTGGAGCTRCGCCTGTGGATGACAGCRACASCTC	MA2029.1	-17	0.0413717	27.1398	1	13	GTGACTCAGCCATGGCGTGGAGCTACGCCTGTGGATGACAGCGACAGCTC	TGGAGGAGCGTGT	-
GTGACTCAGCCATGGCGTGGAGCTRCGCCTGTGGATGACAGCRACASCTC	MA1669.1	-31	0.0414539	27.1938	1	14	GTGACTCAGCCATGGCGTGGAGCTACGCCTGTGGATGACAGCGACAGCTC	ATGATGTCGGCAAA	-
GTGACTCAGCCATGGCGTGGAGCTRCGCCTGTGGATGACAGCRACASCTC	MA1333.1	-23	0.0427594	28.0502	1	11	GTGACTCAGCCATGGCGTGGAGCTACGCCTGTGGATGACAGCGACAGCTC	CGCACGTGTGA	+
GTGACTCAGCCATGGCGTGGAGCTRCGCCTGTGGATGACAGCRACASCTC	MA1070.2	-34	0.0429775	28.1932	1	15	GTGACTCAGCCATGGCGTGGAGCTACGCCTGTGGATGACAGCGACAGCTC	ATGATGACGTCATCA	+
GTGACTCAGCCATGGCGTGGAGCTRCGCCTGTGGATGACAGCRACASCTC	MA0587.1	-16	0.0433854	28.4608	1	10	GTGACTCAGCCATGGCGTGGAGCTACGCCTGTGGATGACAGCGACAGCTC	GTGGACCCGG	+
GTGACTCAGCCATGGCGTGGAGCTRCGCCTGTGGATGACAGCRACASCTC	MA0096.1	-11	0.0436285	28.6203	1	7	GTGACTCAGCCATGGCGTGGAGCTACGCCTGTGGATGACAGCGACAGCTC	ATGACGT	+
GTGACTCAGCCATGGCGTGGAGCTRCGCCTGTGGATGACAGCRACASCTC	MA1047.2	-34	0.0451168	29.5966	1	15	GTGACTCAGCCATGGCGTGGAGCTACGCCTGTGGATGACAGCGACAGCTC	ATGATGACGTCATCA	+
GTGACTCAGCCATGGCGTGGAGCTRCGCCTGTGGATGACAGCRACASCTC	MA1805.1	-14	0.0479924	31.483	1	9	GTGACTCAGCCATGGCGTGGAGCTACGCCTGTGGATGACAGCGACAGCTC	GCGTTGACT	-
GTGACTCAGCCATGGCGTGGAGCTRCGCCTGTGGATGACAGCRACASCTC	MA1826.1	-15	0.048253	31.654	1	14	GTGACTCAGCCATGGCGTGGAGCTACGCCTGTGGATGACAGCGACAGCTC	CGCGCACGTGCGCG	-
GTGACTCAGCCATGGCGTGGAGCTRCGCCTGTGGATGACAGCRACASCTC	MA0571.1	-23	0.049192	32.27	1	21	GTGACTCAGCCATGGCGTGGAGCTACGCCTGTGGATGACAGCGACAGCTC	TTCACCTCGGGAACTGTGCCA	-
GTGACTCAGCCATGGCGTGGAGCTRCGCCTGTGGATGACAGCRACASCTC	MA1664.2	-26	0.0497817	32.6568	1	12	GTGACTCAGCCATGGCGTGGAGCTACGCCTGTGGATGACAGCGACAGCTC	GCTTCTGGAAGC	+
GTGACTCAGCCATGGCGTGGAGCTRCGCCTGTGGATGACAGCRACASCTC	MA1748.1	-34	0.0511612	33.5618	1	9	GTGACTCAGCCATGGCGTGGAGCTACGCCTGTGGATGACAGCGACAGCTC	ATGTCGGCA	-
GTGACTCAGCCATGGCGTGGAGCTRCGCCTGTGGATGACAGCRACASCTC	MA1068.2	-34	0.0546559	35.8543	1	15	GTGACTCAGCCATGGCGTGGAGCTACGCCTGTGGATGACAGCGACAGCTC	ATGATGACGTCATCA	+
GTGACTCAGCCATGGCGTGGAGCTRCGCCTGTGGATGACAGCRACASCTC	MA1218.1	-32	0.0594299	38.986	1	13	GTGACTCAGCCATGGCGTGGAGCTACGCCTGTGGATGACAGCGACAGCTC	TGATGTCGGCGAA	+
GTGACTCAGCCATGGCGTGGAGCTRCGCCTGTGGATGACAGCRACASCTC	MA1424.1	-21	0.0600698	39.4058	1	15	GTGACTCAGCCATGGCGTGGAGCTACGCCTGTGGATGACAGCGACAGCTC	GCTGTGTCGGTGGCG	-
GTGACTCAGCCATGGCGTGGAGCTRCGCCTGTGGATGACAGCRACASCTC	MA1075.1	-15	0.0610917	40.0761	1	8	GTGACTCAGCCATGGCGTGGAGCTACGCCTGTGGATGACAGCGACAGCTC	CGTTGACC	+
GTGACTCAGCCATGGCGTGGAGCTRCGCCTGTGGATGACAGCRACASCTC	MA1086.1	-14	0.0623514	40.9025	1	10	GTGACTCAGCCATGGCGTGGAGCTACGCCTGTGGATGACAGCGACAGCTC	GTGTTGACTT	-
GTGACTCAGCCATGGCGTGGAGCTRCGCCTGTGGATGACAGCRACASCTC	MA1226.1	-20	0.0629524	41.2968	1	15	GTGACTCAGCCATGGCGTGGAGCTACGCCTGTGGATGACAGCGACAGCTC	GGTGGAGGCGGTGGA	+
GTGACTCAGCCATGGCGTGGAGCTRCGCCTGTGGATGACAGCRACASCTC	MA1084.1	-15	0.0656998	43.0991	1	8	GTGACTCAGCCATGGCGTGGAGCTACGCCTGTGGATGACAGCGACAGCTC	CGTTGACC	+
GTGACTCAGCCATGGCGTGGAGCTRCGCCTGTGGATGACAGCRACASCTC	MA0971.1	-34	0.0662217	43.4414	1	10	GTGACTCAGCCATGGCGTGGAGCTACGCCTGTGGATGACAGCGACAGCTC	ATGTCGGCAA	+
GTGACTCAGCCATGGCGTGGAGCTRCGCCTGTGGATGACAGCRACASCTC	MA1021.1	-26	0.070668	46.3582	1	8	GTGACTCAGCCATGGCGTGGAGCTACGCCTGTGGATGACAGCGACAGCTC	GCACGTGG	-
GTGACTCAGCCATGGCGTGGAGCTRCGCCTGTGGATGACAGCRACASCTC	MA1083.2	-11	0.0714141	46.8477	1	14	GTGACTCAGCCATGGCGTGGAGCTACGCCTGTGGATGACAGCGACAGCTC	TAAGCGTTGACTTT	-
GTGACTCAGCCATGGCGTGGAGCTRCGCCTGTGGATGACAGCRACASCTC	MA1231.2	-20	0.0714141	46.8477	1	14	GTGACTCAGCCATGGCGTGGAGCTACGCCTGTGGATGACAGCGACAGCTC	GGCGGCGGCTAAGG	-
GTGACTCAGCCATGGCGTGGAGCTRCGCCTGTGGATGACAGCRACASCTC	MA1069.2	-32	0.0723529	47.4635	1	15	GTGACTCAGCCATGGCGTGGAGCTACGCCTGTGGATGACAGCGACAGCTC	TGATGACGTCATCAT	-
GTGACTCAGCCATGGCGTGGAGCTRCGCCTGTGGATGACAGCRACASCTC	MA0998.1	-11	0.0746012	48.9384	1	10	GTGACTCAGCCATGGCGTGGAGCTACGCCTGTGGATGACAGCGACAGCTC	ATGGCGGCGG	-
GTGACTCAGCCATGGCGTGGAGCTRCGCCTGTGGATGACAGCRACASCTC	MA2013.1	-21	0.0757509	49.6926	1	15	GTGACTCAGCCATGGCGTGGAGCTACGCCTGTGGATGACAGCGACAGCTC	GCTGCGGCGGCGACG	-
GTGACTCAGCCATGGCGTGGAGCTRCGCCTGTGGATGACAGCRACASCTC	MA0978.1	-34	0.0759827	49.8447	1	8	GTGACTCAGCCATGGCGTGGAGCTACGCCTGTGGATGACAGCGACAGCTC	ATGTCGGC	+
GTGACTCAGCCATGGCGTGGAGCTRCGCCTGTGGATGACAGCRACASCTC	MA2017.1	-8	0.078529	51.515	1	14	GTGACTCAGCCATGGCGTGGAGCTACGCCTGTGGATGACAGCGACAGCTC	ATCACGGCGAGTAT	+
GTGACTCAGCCATGGCGTGGAGCTRCGCCTGTGGATGACAGCRACASCTC	MA1220.1	-21	0.0792879	52.0129	1	15	GTGACTCAGCCATGGCGTGGAGCTACGCCTGTGGATGACAGCGACAGCTC	ATTTTGTCGGTGGAG	-
GTGACTCAGCCATGGCGTGGAGCTRCGCCTGTGGATGACAGCRACASCTC	MA1819.1	-36	0.0803641	52.7188	1	12	GTGACTCAGCCATGGCGTGGAGCTACGCCTGTGGATGACAGCGACAGCTC	GGCGGCGGCGGC	-
GTGACTCAGCCATGGCGTGGAGCTRCGCCTGTGGATGACAGCRACASCTC	MA1828.1	-15	0.0803641	52.7188	1	12	GTGACTCAGCCATGGCGTGGAGCTACGCCTGTGGATGACAGCGACAGCTC	CGTGGACCACGG	-
GTGACTCAGCCATGGCGTGGAGCTRCGCCTGTGGATGACAGCRACASCTC	MA1004.1	-12	0.0816271	53.5474	1	8	GTGACTCAGCCATGGCGTGGAGCTACGCCTGTGGATGACAGCGACAGCTC	TGGCGGCG	-
GTGACTCAGCCATGGCGTGGAGCTRCGCCTGTGGATGACAGCRACASCTC	MA1312.1	-10	0.08231	53.9953	1	14	GTGACTCAGCCATGGCGTGGAGCTACGCCTGTGGATGACAGCGACAGCTC	ACCGGCGTTGACTT	+
GTGACTCAGCCATGGCGTGGAGCTRCGCCTGTGGATGACAGCRACASCTC	MA1225.1	-19	0.0829681	54.427	1	15	GTGACTCAGCCATGGCGTGGAGCTACGCCTGTGGATGACAGCGACAGCTC	TGGCGGCGGCGGTGG	-
GTGACTCAGCCATGGCGTGGAGCTRCGCCTGTGGATGACAGCRACASCTC	MA1793.1	-29	0.0838649	55.0154	1	10	GTGACTCAGCCATGGCGTGGAGCTACGCCTGTGGATGACAGCGACAGCTC	TATGGATAAG	-
GTGACTCAGCCATGGCGTGGAGCTRCGCCTGTGGATGACAGCRACASCTC	MA1335.1	-32	0.0874327	57.3559	1	11	GTGACTCAGCCATGGCGTGGAGCTACGCCTGTGGATGACAGCGACAGCTC	TGATGACGTCA	-
GTGACTCAGCCATGGCGTGGAGCTRCGCCTGTGGATGACAGCRACASCTC	MA1693.1	-32	0.0881532	57.8285	1	13	GTGACTCAGCCATGGCGTGGAGCTACGCCTGTGGATGACAGCGACAGCTC	AACAGACAGCAAG	+
GTGACTCAGCCATGGCGTGGAGCTRCGCCTGTGGATGACAGCRACASCTC	MA2011.1	-36	0.0889997	58.3838	1	12	GTGACTCAGCCATGGCGTGGAGCTACGCCTGTGGATGACAGCGACAGCTC	ACCACCGACACC	+
GTGACTCAGCCATGGCGTGGAGCTRCGCCTGTGGATGACAGCRACASCTC	MA1345.1	-2	0.0903421	59.2645	1	14	GTGACTCAGCCATGGCGTGGAGCTACGCCTGTGGATGACAGCGACAGCTC	GATGCTGACGTGGC	-
GTGACTCAGCCATGGCGTGGAGCTRCGCCTGTGGATGACAGCRACASCTC	MA0962.1	-26	0.0938898	61.5917	1	8	GTGACTCAGCCATGGCGTGGAGCTACGCCTGTGGATGACAGCGACAGCTC	GCACGTGG	+
GTGACTCAGCCATGGCGTGGAGCTRCGCCTGTGGATGACAGCRACASCTC	MA1074.1	-26	0.0938898	61.5917	1	8	GTGACTCAGCCATGGCGTGGAGCTACGCCTGTGGATGACAGCGACAGCTC	GCACGTGG	-
GTGACTCAGCCATGGCGTGGAGCTRCGCCTGTGGATGACAGCRACASCTC	MA1240.1	-17	0.0986382	64.7066	1	21	GTGACTCAGCCATGGCGTGGAGCTACGCCTGTGGATGACAGCGACAGCTC	GGCGGCGGCGGAGGCGGTGGA	-
GTGACTCAGCCATGGCGTGGAGCTRCGCCTGTGGATGACAGCRACASCTC	MA1221.1	-22	0.0992001	65.0753	1	15	GTGACTCAGCCATGGCGTGGAGCTACGCCTGTGGATGACAGCGACAGCTC	TGGCGGCGGCGGAGG	+
GTGACTCAGCCATGGCGTGGAGCTRCGCCTGTGGATGACAGCRACASCTC	MA1228.1	-21	0.10025	65.7643	1	17	GTGACTCAGCCATGGCGTGGAGCTACGCCTGTGGATGACAGCGACAGCTC	GCGGCGGCGGCGGCGGC	+
GTGACTCAGCCATGGCGTGGAGCTRCGCCTGTGGATGACAGCRACASCTC	MA0128.1	-12	0.100514	65.9369	1	8	GTGACTCAGCCATGGCGTGGAGCTACGCCTGTGGATGACAGCGACAGCTC	ACACGTGG	+
GTGACTCAGCCATGGCGTGGAGCTRCGCCTGTGGATGACAGCRACASCTC	MA0567.1	-4	0.100514	65.9369	1	8	GTGACTCAGCCATGGCGTGGAGCTACGCCTGTGGATGACAGCGACAGCTC	CGCCGCCA	+
GTGACTCAGCCATGGCGTGGAGCTRCGCCTGTGGATGACAGCRACASCTC	MA1246.1	-17	0.102344	67.1376	1	21	GTGACTCAGCCATGGCGTGGAGCTACGCCTGTGGATGACAGCGACAGCTC	GGCGGCGGTGGCGGCGGCGGA	-
GTGACTCAGCCATGGCGTGGAGCTRCGCCTGTGGATGACAGCRACASCTC	MA1305.1	-13	0.103398	67.8293	1	12	GTGACTCAGCCATGGCGTGGAGCTACGCCTGTGGATGACAGCGACAGCTC	AGCGTTGACTTT	+
GTGACTCAGCCATGGCGTGGAGCTRCGCCTGTGGATGACAGCRACASCTC	MA1336.1	-34	0.103636	67.9849	1	14	GTGACTCAGCCATGGCGTGGAGCTACGCCTGTGGATGACAGCGACAGCTC	ATGATGACGTCATC	-
GTGACTCAGCCATGGCGTGGAGCTRCGCCTGTGGATGACAGCRACASCTC	MA1685.1	-27	0.103656	67.9987	1	15	GTGACTCAGCCATGGCGTGGAGCTACGCCTGTGGATGACAGCGACAGCTC	CTAATGGGAGACACG	+
GTGACTCAGCCATGGCGTGGAGCTRCGCCTGTGGATGACAGCRACASCTC	MA1753.1	-19	0.103656	67.9987	1	15	GTGACTCAGCCATGGCGTGGAGCTACGCCTGTGGATGACAGCGACAGCTC	TGGCGGCGGCGGTGG	-
GTGACTCAGCCATGGCGTGGAGCTRCGCCTGTGGATGACAGCRACASCTC	MA1405.1	-32	0.10518	68.9981	1	10	GTGACTCAGCCATGGCGTGGAGCTACGCCTGTGGATGACAGCGACAGCTC	GACTGACAGT	+

# Tomtom (Motif Comparison Tool): Version 5.4.1 compiled on Aug 25 2021 at 17:37:53
# The format of this file is described at https://meme-suite.org/meme/doc/tomtom-output-format.html.
# tomtom -no-ssc -oc . -verbosity 1 -min-overlap 5 -mi 1 -dist pearson -evalue -thresh 70.0 -time 300 query_motifs db/JASPAR/JASPAR2022_CORE_plants_non-redundant_v2.meme
